data.average.firstView.Colordepth,data.average.firstView.FirstInteractive,data.average.firstView.LastInteractive,data.average.firstView.PerformancePaintTiming.first-contentful-paint,data.average.firstView.PerformancePaintTiming.first-paint,data.average.firstView.SpeedIndex,data.average.firstView.TTFB,data.average.firstView.TTIMeasurementEnd,data.average.firstView.TimeToInteractive,data.average.firstView.aft,data.average.firstView.avgRun,data.average.firstView.basePageSSLTime,data.average.firstView.bigImageCount,data.average.firstView.bytesIn,data.average.firstView.bytesInDoc,data.average.firstView.bytesOut,data.average.firstView.bytesOutDoc,data.average.firstView.cached,data.average.firstView.chromeUserTiming.domComplete,data.average.firstView.chromeUserTiming.domContentLoadedEventEnd,data.average.firstView.chromeUserTiming.domContentLoadedEventStart,data.average.firstView.chromeUserTiming.domInteractive,data.average.firstView.chromeUserTiming.domLoading,data.average.firstView.chromeUserTiming.fetchStart,data.average.firstView.chromeUserTiming.firstContentfulPaint,data.average.firstView.chromeUserTiming.firstImagePaint,data.average.firstView.chromeUserTiming.firstLayout,data.average.firstView.chromeUserTiming.firstMeaningfulPaint,data.average.firstView.chromeUserTiming.firstMeaningfulPaintCandidate,data.average.firstView.chromeUserTiming.firstPaint,data.average.firstView.chromeUserTiming.firstTextPaint,data.average.firstView.chromeUserTiming.loadEventEnd,data.average.firstView.chromeUserTiming.loadEventStart,data.average.firstView.chromeUserTiming.responseEnd,data.average.firstView.chromeUserTiming.unloadEventEnd,data.average.firstView.chromeUserTiming.unloadEventStart,data.average.firstView.connections,data.average.firstView.cpu.Idle,data.average.firstView.cpu.Paint,data.average.firstView.date,data.average.firstView.docTime,data.average.firstView.domComplete,data.average.firstView.domContentLoadedEventEnd,data.average.firstView.domContentLoadedEventStart,data.average.firstView.domElements,data.average.firstView.domInteractive,data.average.firstView.domLoading,data.average.firstView.domTime,data.average.firstView.effectiveBps,data.average.firstView.effectiveBpsDoc,data.average.firstView.final_base_page_request,data.average.firstView.firstContentfulPaint,data.average.firstView.firstImagePaint,data.average.firstView.firstLayout,data.average.firstView.firstMeaningfulPaint,data.average.firstView.firstPaint,data.average.firstView.firstTextPaint,data.average.firstView.fullyLoaded,data.average.firstView.fullyLoadedCPUms,data.average.firstView.fullyLoadedCPUpct,data.average.firstView.gzip_savings,data.average.firstView.gzip_total,data.average.firstView.image_savings,data.average.firstView.image_total,data.average.firstView.lastVisualChange,data.average.firstView.lighthouse.Accessibility,data.average.firstView.lighthouse.BestPractices,data.average.firstView.lighthouse.Performance,data.average.firstView.lighthouse.Performance.estimated-input-latency,data.average.firstView.lighthouse.Performance.first-contentful-paint,data.average.firstView.lighthouse.Performance.first-cpu-idle,data.average.firstView.lighthouse.Performance.first-meaningful-paint,data.average.firstView.lighthouse.Performance.interactive,data.average.firstView.lighthouse.Performance.speed-index,data.average.firstView.lighthouse.ProgressiveWebApp,data.average.firstView.lighthouse.SEO,data.average.firstView.loadEventEnd,data.average.firstView.loadEventStart,data.average.firstView.loadTime,data.average.firstView.maybeCaptcha,data.average.firstView.minify_savings,data.average.firstView.minify_total,data.average.firstView.optimization_checked,data.average.firstView.render,data.average.firstView.requests,data.average.firstView.requestsDoc,data.average.firstView.requestsFull,data.average.firstView.responses_200,data.average.firstView.responses_404,data.average.firstView.responses_other,data.average.firstView.result,data.average.firstView.run,data.average.firstView.score_cache,data.average.firstView.score_cdn,data.average.firstView.score_combine,data.average.firstView.score_compress,data.average.firstView.score_cookies,data.average.firstView.score_etags,data.average.firstView.score_gzip,data.average.firstView.score_keep-alive,data.average.firstView.score_minify,data.average.firstView.score_progressive_jpeg,data.average.firstView.server_rtt,data.average.firstView.smallImageCount,data.average.firstView.start_epoch,data.average.firstView.step,data.average.firstView.testStartOffset,data.average.firstView.test_run_time_ms,data.average.firstView.titleTime,data.average.firstView.userTime,data.average.firstView.userTime.optimizely_blockBegin,data.average.firstView.visualComplete,data.average.firstView.visualComplete85,data.average.firstView.visualComplete90,data.average.firstView.visualComplete95,data.average.firstView.visualComplete99,data.bwDown,data.bwUp,data.completed,data.connectivity,data.from,data.fvonly,data.id,data.latency,data.location,data.mobile,data.plr,data.successfulFVRuns,data.summary,data.testUrl,data.tester,data.url,speedtracker.day,speedtracker.month,speedtracker.slug,speedtracker.week,speedtracker.year,statusCode,statusText,webPagetestVersion
24,7191,5411,5411.500000002,5411.4000000009,6445,3411,9688,7191.0,0,1,871,0,1690855,1688531,85209,83587,0,12500,7190,7074,7074,3420,7,5411,6223,4940,6800,6800,5411,5411,12529,12500,3774,3419,3419,35,15403,0,1548097083.217428,12500,12500,7191,7074,4506,7074,0,0,140998,185777,2,5411,6224,4940,6800,5411.4000000009,5411,15403,9859,32.1906627489,235542,1391785,15306,276755,7700,0.94,0.71,0.09,19.7918536585,6485.736,12896.039,11084.962,16411.023,9474,0.23,0.8,12529,12500,12500,0,-1,-1,1,5500,214,164,214,167,0,47,0,1,43,95,-1,95,-1,-1,84,100,-1,100,0,68,0,1,0,21801,0,4906,4906,7700,6700,6700,6700,7500,9000,9000,1548097096,4G,"Dulles, VA - <b>Chrome</b> - <b>4G</b>",True,190121_EC_211b9cc0f446439ed9c1df6e16282890,170,Dulles:Chrome,0,,1,https://www.webpagetest.org/results.php?test=190121_EC_211b9cc0f446439ed9c1df6e16282890,https://www.freshdirect.com/browse.jsp?pageType=browse&id=gro_canne,VM02-06-192.168.10.74,https://www.freshdirect.com/browse.jsp?pageType=browse&id=gro_canne,21,01,freshdirect-browse,4,2019,200,Test Complete,18.10
24,6524,4459,4459.400000007,4459.400000007,5511,2229,9018,,0,1,873,0,1714721,1713004,86286,83962,0,12105,6524,6392,6392,2239,17,4459,5295,3776,6386,6386,4459,4459,12169,12105,2595,2238,2238,37,15438,0,1548140858.85712,12106,12105,6524,6393,4527,6392,0,0,129814,173433,2,4459,5296,3776,6387,4459.400000007,4459,15438,12009,40.1806624289,265001,1422589,15306,272232,7100,0.94,0.71,0.13,104.605,6076.228,12795.225,10019.361,12795.225,8654,0.23,0.8,12169,12105,12106,0,-1,-1,1,4600,217,166,217,173,0,44,0,1,43,94,-1,95,-1,-1,82,100,-1,100,0,68,0,1,0,22467,0,3708,3708,7100,5800,5800,5800,6500,9000,9000,1548140873,4G,"Dulles, VA - <b>Chrome</b> - <b>4G</b>",True,190122_XS_11f06a4e9bbe3d5e8acccc52b61424c6,170,Dulles:Chrome,0,,1,https://www.webpagetest.org/results.php?test=190122_XS_11f06a4e9bbe3d5e8acccc52b61424c6,https://www.freshdirect.com/browse.jsp?pageType=browse&id=gro_canne,VM02-02-192.168.10.70,https://www.freshdirect.com/browse.jsp?pageType=browse&id=gro_canne,22,01,freshdirect-browse,4,2019,200,Test Complete,18.10
24,7105,5007,5007.6000000008,5007.6000000008,6004,2602,9733,,0,1,879,0,1689717,1359419,85918,68127,0,7885,7104,6960,6960,2609,7,5007,5940,4453,6580,6580,5007,5007,7886,7886,2964,2608,2608,35,13318,0,1548170143.670571,7886,7886,7105,6961,4543,6961,0,0,157681,257270,2,5008,5940,4453,6581,5007.6000000008,5008,13318,10540,39.7435897436,235542,1394054,15306,278135,7600,0.84,0.71,0.13,126.956,6324.882,12911.845,9860.528,12911.8449999962,8686,0.23,0.8,7887,7886,7886,0,-1,-1,1,5000,181,106,181,154,0,27,0,1,43,93,-1,95,-1,-1,84,100,-1,100,0,68,0,1,0,19846,0,4418,4418,7600,6300,6300,6300,7500,9000,9000,1548170168,4G,"Dulles, VA - <b>Chrome</b> - <b>4G</b>",True,190122_55_eedecb45bb5db194e7b39e4e1a899796,170,Dulles:Chrome,0,,1,https://www.webpagetest.org/results.php?test=190122_55_eedecb45bb5db194e7b39e4e1a899796,https://www.freshdirect.com/browse.jsp?pageType=browse&id=gro_canne,VM02-05-192.168.10.73,https://www.freshdirect.com/browse.jsp?pageType=browse&id=gro_canne,22,01,freshdirect-browse,4,2019,200,Test Complete,18.10
24,6334,4621,4621.8000000081,4621.8000000081,5490,2615,8948,,0,1,884,0,1502366,1500729,90063,87671,0,11461,6334,6215,6215,2626,23,4621,5219,4068,6645,6645,4621,4621,11514,11461,2999,2624,2624,37,14725,0,1548229018.460243,11461,11461,6334,6215,4497,6215,0,0,124059,169650,2,4622,5220,4068,6646,4621.8000000081,4622,14725,12139,39.6732026144,22053,1184960,33817,298784,6900,0.94,0.71,0.17,19.3560810811,6029.648,11392.745,9559.061,11392.745,8194,0.23,0.8,11514,11461,11461,0,-1,-1,1,4600,215,165,215,171,0,44,0,1,43,94,-1,89,-1,-1,99,100,-1,87,0,67,0,1,0,21236,0,4035,4035,6900,5800,5800,5800,6700,9000,9000,1548229033,4G,"Dulles, VA - <b>Chrome</b> - <b>4G</b>",True,190123_ZN_50aad183427b73348b06c35da1678bcf,170,Dulles:Chrome,0,,1,https://www.webpagetest.org/results.php?test=190123_ZN_50aad183427b73348b06c35da1678bcf,https://www.freshdirect.com/browse.jsp?pageType=browse&id=gro_canne,VM03-07-192.168.10.86,https://www.freshdirect.com/browse.jsp?pageType=browse&id=gro_canne,23,01,freshdirect-browse,4,2019,200,Test Complete,18.10
24,6821,5117,5117.9999999949,5117.9999999949,6041,3183,9552,6821.0,0,1,898,0,1537623,1147230,89829,71397,0,7857,6820,6696,6695,3194,19,5117,5828,4645,6334,6334,5117,5117,7858,7857,3553,3193,3193,36,14807,0,1548273118.347369,7858,7858,6821,6696,4490,6696,0,0,132280,245396,2,5118,5829,4646,6335,5117.9999999949,5118,14807,11960,38.8437804482,80157,1240860,15306,275032,7200,0.94,0.71,0.1,17.9245254237,6535.75,11322.881,9672.137,19466.464,8512,0.23,0.8,7859,7858,7858,0,-1,-1,1,5100,182,105,182,156,0,26,0,1,43,94,-1,95,-1,-1,94,100,-1,100,0,67,0,1,0,21323,0,4615,4615,7200,6300,6300,6300,7100,9000,9000,1548273141,4G,"Dulles, VA - <b>Chrome</b> - <b>4G</b>",True,190123_8X_4df6beabeb3aeae22f883fcf0dcbdf33,170,Dulles:Chrome,0,,1,https://www.webpagetest.org/results.php?test=190123_8X_4df6beabeb3aeae22f883fcf0dcbdf33,https://www.freshdirect.com/browse.jsp?pageType=browse&id=gro_canne,VM01-01-192.168.10.43,https://www.freshdirect.com/browse.jsp?pageType=browse&id=gro_canne,23,01,freshdirect-browse,4,2019,200,Test Complete,18.10
24,6676,4880,4880.5999999968,4880.5999999968,5784,2828,9332,,0,1,880,0,1480231,1150030,89067,71237,0,7497,6676,6540,6540,2844,13,4880,5597,4316,6244,6244,4880,4880,7498,7497,3192,2840,2840,35,12903,0,1548317240.493476,7497,7497,6676,6541,4505,6540,0,0,146921,246311,2,4881,5598,4317,6245,4880.5999999968,4881,12903,10339,39.0041493776,22052,1185229,15306,277626,7100,0.94,0.71,0.11,24.9298518519,6197.333,14441.065,9786.635,14441.0649999924,8642,0.23,0.8,7499,7497,7497,0,-1,-1,1,4900,175,105,175,152,0,23,0,1,43,94,-1,95,-1,-1,99,100,-1,100,0,67,0,1,0,19271,0,4279,4279,7100,6000,6000,6000,7000,9000,9000,1548317234,4G,"Dulles, VA - <b>Chrome</b> - <b>4G</b>",True,190124_T2_6199264aa15dd3d09355816b94a66180,170,Dulles:Chrome,0,,1,https://www.webpagetest.org/results.php?test=190124_T2_6199264aa15dd3d09355816b94a66180,https://www.freshdirect.com/browse.jsp?pageType=browse&id=gro_canne,VM04-04-192.168.10.92,https://www.freshdirect.com/browse.jsp?pageType=browse&id=gro_canne,24,01,freshdirect-browse,4,2019,200,Test Complete,18.10
24,6060,4251,4251.1999999997,4251.1999999997,5320,2425,8797,,0,1,870,0,1484538,1154077,89844,72009,0,6952,6060,5947,5947,2433,12,4251,4978,3786,5480,5480,4251,4251,6953,6952,2783,2433,2433,34,12776,0,1548361340.935982,6953,6953,6060,5947,4516,5947,0,0,143419,254875,2,4251,4978,3786,5480,4251.1999999997,4251,12776,9220,36.3708086785,22054,1180218,15306,286686,6400,0.94,0.71,0.14,18.0915283019,6437.961,12378.433,9714.449,12378.433000001,8561,0.23,0.8,6954,6953,6953,0,-1,-1,1,4200,182,105,182,157,0,25,0,1,43,95,-1,95,-1,-1,99,100,-1,100,0,67,0,1,0,18662,0,3756,3756,6400,5500,6400,6400,6400,9000,9000,1548361333,4G,"Dulles, VA - <b>Chrome</b> - <b>4G</b>",True,190124_18_11a2f2cda51eaaa6c4f6e0321f89c0de,170,Dulles:Chrome,0,,1,https://www.webpagetest.org/results.php?test=190124_18_11a2f2cda51eaaa6c4f6e0321f89c0de,https://www.freshdirect.com/browse.jsp?pageType=browse&id=gro_canne,VM04-04-192.168.10.92,https://www.freshdirect.com/browse.jsp?pageType=browse&id=gro_canne,24,01,freshdirect-browse,4,2019,200,Test Complete,18.10
24,6222,4508,4508.2000000111,4508.2000000111,5709,2603,8735,,0,1,875,0,1504667,1143492,88500,70669,0,7077,6222,6092,6091,2615,16,4508,5336,4063,6755,6755,4508,4508,7079,7077,2866,2614,2614,32,12630,0,1548405421.403474,7078,7078,6222,6092,4507,6092,0,0,150061,255528,2,4508,5336,4063,6756,4508.2000000111,4508,12630,9819,38.2249902686,51747,1197601,15306,288333,6900,0.94,0.71,0.14,196.9675,6177.555,12469.086,9459.87,12469.086,8717,0.23,0.8,7079,7078,7078,0,-1,-1,1,4500,179,102,179,153,0,26,0,1,44,96,-1,95,-1,-1,96,100,-1,100,0,67,0,1,0,19402,0,4021,4021,6900,6900,6900,6900,6900,9000,9000,1548405432,4G,"Dulles, VA - <b>Chrome</b> - <b>4G</b>",True,190125_ZT_5122530c92f85c78184f4ab8cf96fd9d,170,Dulles:Chrome,0,,1,https://www.webpagetest.org/results.php?test=190125_ZT_5122530c92f85c78184f4ab8cf96fd9d,https://www.freshdirect.com/browse.jsp?pageType=browse&id=gro_canne,VM03-01-192.168.10.79,https://www.freshdirect.com/browse.jsp?pageType=browse&id=gro_canne,25,01,freshdirect-browse,4,2019,200,Test Complete,18.10
24,6176,4476,4476.2000000046,4476.2000000046,5452,2518,8732,,0,1,875,0,1488846,1157314,88894,71058,0,7035,6175,6062,6062,2526,28,4476,5318,3967,5689,5689,4476,4476,7037,7035,2887,2525,2525,36,12329,0,1548449542.328091,7036,7036,6176,6063,4454,6062,0,0,151752,256156,2,4476,5319,3968,5689,4476.2000000046,4476,12329,10409,40.6640625,22918,1192607,15306,278865,6700,0.94,0.71,0.14,22.57,5995.76,13041.591,9274.528,13041.591,8219,0.23,0.8,7037,7036,7036,0,-1,-1,1,4500,174,105,174,152,0,22,0,1,43,93,-1,95,-1,-1,99,100,-1,100,0,65,0,1,0,18274,0,3935,3935,6700,5700,5700,6700,6700,9000,9000,1548449530,4G,"Dulles, VA - <b>Chrome</b> - <b>4G</b>",True,190125_5G_9e877c66b3191675bff36c6ff1e03647,170,Dulles:Chrome,0,,1,https://www.webpagetest.org/results.php?test=190125_5G_9e877c66b3191675bff36c6ff1e03647,https://www.freshdirect.com/browse.jsp?pageType=browse&id=gro_canne,VM04-08-192.168.10.96,https://www.freshdirect.com/browse.jsp?pageType=browse&id=gro_canne,25,01,freshdirect-browse,4,2019,200,Test Complete,18.10
24,6707,4475,4475.5999999979,4475.5999999979,5778,2367,9400,,0,1,889,0,1548967,1548378,88979,85943,0,10394,6706,6581,6580,2378,15,4475,5686,3886,6237,6237,4475,4475,10455,10394,2734,2377,2377,36,11634,0,1548493633.387595,10395,10395,6707,6582,4510,6581,0,0,167148,192872,2,4476,5686,3886,6237,4475.5999999979,4476,11634,9710,36.1504095309,21223,1243496,15306,288912,7100,0.94,0.71,0.13,118.4795,6024.058,11815.65,9032.897,14321.1740000076,8533,0.23,0.8,10456,10395,10395,0,-1,-1,1,4500,155,150,155,145,0,10,0,1,43,93,-1,95,-1,-1,99,100,-1,100,0,65,0,1,0,19640,0,3851,3851,7100,6000,6200,7100,7100,9000,9000,1548493638,4G,"Dulles, VA - <b>Chrome</b> - <b>4G</b>",True,190126_R3_a64feb3da197a424e990a28b26b82c92,170,Dulles:Chrome,0,,1,https://www.webpagetest.org/results.php?test=190126_R3_a64feb3da197a424e990a28b26b82c92,https://www.freshdirect.com/browse.jsp?pageType=browse&id=gro_canne,VM02-04-192.168.10.72,https://www.freshdirect.com/browse.jsp?pageType=browse&id=gro_canne,26,01,freshdirect-browse,4,2019,200,Test Complete,18.10
24,8904,7279,7279.3999999994,7279.3999999994,8149,5279,11503,8904.0,0,1,885,0,1761405,1430130,84927,67139,0,9734,8904,8802,8802,5289,12,7279,8006,6845,8525,8525,7279,7279,9735,9734,5645,5288,5288,35,15085,0,1548581845.185979,9735,9734,8904,8802,4540,8802,0,0,179625,320944,2,7279,8006,6846,8525,7279.3999999994,7279,15085,8630,28.9694528365,236436,1455140,15306,289122,9400,0.94,0.71,0.14,18.7214102564,6041.853,11070.352,9060.423,14684.239,7997,0.23,0.8,9735,9735,9735,0,-1,-1,1,7300,180,105,180,154,0,26,0,1,43,94,-1,95,-1,-1,84,100,-1,100,0,67,0,1,0,20809,0,6818,6818,9400,8300,8500,9400,9400,9000,9000,1548581832,4G,"Dulles, VA - <b>Chrome</b> - <b>4G</b>",True,190127_MY_ec392c277a8409cd907360c965ea856c,170,Dulles:Chrome,0,,1,https://www.webpagetest.org/results.php?test=190127_MY_ec392c277a8409cd907360c965ea856c,https://www.freshdirect.com/browse.jsp?pageType=browse&id=gro_canne,VM04-05-192.168.10.93,https://www.freshdirect.com/browse.jsp?pageType=browse&id=gro_canne,27,01,freshdirect-browse,4,2019,200,Test Complete,18.10
24,6702,5000,5000.2000000022,5000.2000000022,5835,2360,9618,,0,1,872,0,1546566,1214780,87815,69985,0,7613,6702,6590,6589,2366,15,5000,5569,4483,6267,6267,5000,5000,7615,7613,2724,2365,2365,34,13192,0,1548625925.88803,7614,7613,6702,6590,4475,6590,0,0,142777,231210,2,5000,5569,4484,6267,5000.2000000022,5000,13192,9910,37.4527588813,22920,1247204,15306,281774,7100,0.94,0.71,0.15,18.0721964286,6430.083,11677.286,9683.045,11677.2859999924,8302,0.23,0.8,7615,7613,7614,0,-1,-1,1,5000,182,104,182,155,0,27,0,1,43,94,-1,95,-1,-1,99,100,-1,100,0,66,0,1,0,19333,0,4450,4450,7100,6000,6200,7000,7000,9000,9000,1548625932,4G,"Dulles, VA - <b>Chrome</b> - <b>4G</b>",True,190127_ES_39f0afc9eb1ee4b0bad8efeef2c7965e,170,Dulles:Chrome,0,,1,https://www.webpagetest.org/results.php?test=190127_ES_39f0afc9eb1ee4b0bad8efeef2c7965e,https://www.freshdirect.com/browse.jsp?pageType=browse&id=gro_canne,VM03-04-192.168.10.83,https://www.freshdirect.com/browse.jsp?pageType=browse&id=gro_canne,27,01,freshdirect-browse,4,2019,200,Test Complete,18.10
24,7025,4407,4407.0000000065,4406.9000000018,6036,2412,9773,4407.0,0,1,876,0,1555122,1553247,89443,87753,0,12640,7025,6889,6889,2433,5,4407,5797,3904,6879,6879,4407,4407,12684,12641,2780,2432,2432,37,15627,0,1548670841.440503,12641,12641,7025,6890,4479,6890,0,0,117678,151847,2,4407,5798,3905,6880,4406.9000000018,4407,15627,12920,41.1333970073,22917,1253247,15306,282998,7500,0.94,0.71,0.1,220.918,6367.727,13722.641,9394.342,15820.874,8639,0.23,0.8,12685,12641,12641,0,-1,-1,1,4400,214,168,214,173,0,41,0,1,42,93,-1,95,-1,-1,99,100,-1,100,0,67,0,1,0,22586,0,3869,3869,7500,6300,6900,7400,7400,9000,9000,1548670856,4G,"Dulles, VA - <b>Chrome</b> - <b>4G</b>",True,190128_F7_cf5de6ce503b181459675e08b3c33447,170,Dulles:Chrome,0,,1,https://www.webpagetest.org/results.php?test=190128_F7_cf5de6ce503b181459675e08b3c33447,https://www.freshdirect.com/browse.jsp?pageType=browse&id=gro_canne,VM01-08-192.168.10.66,https://www.freshdirect.com/browse.jsp?pageType=browse&id=gro_canne,28,01,freshdirect-browse,5,2019,200,Test Complete,18.10
24,7397,5008,5008.6999999985,5008.6999999985,6519,3140,10280,5008.0,0,1,874,0,1551901,1220049,89086,71506,0,8265,7397,7292,7291,3149,25,5008,6357,4542,6877,6877,5008,5008,8267,8265,3518,3148,3148,36,13929,0,1548714149.918303,8266,8265,7397,7292,4478,7291,0,0,143841,238011,2,5009,6358,4542,6877,5008.6999999985,5009,13929,9480,34.347826087,22918,1253778,15306,280534,7800,0.94,0.71,0.11,23.5201111111,6239.442,14979.238,9849.958,14979.238,8474,0.23,0.8,8267,8265,8266,0,-1,-1,1,5000,184,107,184,158,0,26,0,1,43,93,-1,95,-1,-1,99,100,-1,100,0,66,0,1,0,20574,0,4512,4512,7800,6800,6800,7800,7800,9000,9000,1548714138,4G,"Dulles, VA - <b>Chrome</b> - <b>4G</b>",True,190128_BD_79200469184bcb6e44c7281dca3945fa,170,Dulles:Chrome,0,,1,https://www.webpagetest.org/results.php?test=190128_BD_79200469184bcb6e44c7281dca3945fa,https://www.freshdirect.com/browse.jsp?pageType=browse&id=gro_canne,VM04-06-192.168.10.94,https://www.freshdirect.com/browse.jsp?pageType=browse&id=gro_canne,28,01,freshdirect-browse,5,2019,200,Test Complete,18.10
24,6520,4745,4745.2000000012,4745.2000000012,5835,2701,9432,,0,1,883,0,1554718,1223290,88607,71024,0,7395,6520,6417,6417,2709,12,4745,5508,4297,6116,6116,4745,4745,7396,7395,3074,2708,2708,36,13583,0,1548758228.315111,7396,7395,6520,6417,4472,6417,0,0,142870,260551,2,4745,5508,4298,6117,4745.2000000012,4745,13583,9800,35.0751610594,22915,1253522,15306,283962,6900,0.94,0.64,0.16,17.2008434343,6193.351,11445.296,9453.646,11445.296,8235,0.23,0.8,7396,7395,7396,0,-1,-1,1,4700,184,106,184,158,0,26,0,1,42,93,-1,95,-1,-1,99,100,-1,100,0,66,0,1,0,19364,0,4269,4269,6900,6100,6900,6900,6900,9000,9000,1548758232,4G,"Dulles, VA - <b>Chrome</b> - <b>4G</b>",True,190129_ND_db1439152c4b2e74b9cfe4239f361043,170,Dulles:Chrome,0,,1,https://www.webpagetest.org/results.php?test=190129_ND_db1439152c4b2e74b9cfe4239f361043,https://www.freshdirect.com/browse.jsp?pageType=browse&id=gro_canne,VM03-01-192.168.10.79,https://www.freshdirect.com/browse.jsp?pageType=browse&id=gro_canne,29,01,freshdirect-browse,5,2019,200,Test Complete,18.10
24,7016,5192,5192.6000000021,5192.6000000021,6142,3152,9705,7016.0,0,1,876,0,1587987,1226475,90189,72042,0,7860,7015,6897,6893,3165,14,5192,5737,4623,6526,6526,5192,5192,7862,7860,3512,3165,3165,36,13490,0,1548802340.004102,7861,7861,7016,6897,4533,6894,0,0,153606,260453,2,5193,5737,4624,6526,5192.6000000021,5193,13490,11709,42.7840701498,52347,1281946,15306,287456,7400,0.94,0.64,0.11,18.6823428571,6383.39,11711.342,9751.21,15404.236,8619,0.23,0.8,7862,7861,7861,0,-1,-1,1,5200,183,107,183,156,0,27,0,1,43,94,-1,95,-1,-1,96,100,-1,100,0,67,0,1,0,20738,0,4590,4590,7400,6300,6300,7300,7300,9000,9000,1548802345,4G,"Dulles, VA - <b>Chrome</b> - <b>4G</b>",True,190129_E9_dd34a6d559e780eb1ef967f86a590b02,170,Dulles:Chrome,0,,1,https://www.webpagetest.org/results.php?test=190129_E9_dd34a6d559e780eb1ef967f86a590b02,https://www.freshdirect.com/browse.jsp?pageType=browse&id=gro_canne,VM02-05-192.168.10.73,https://www.freshdirect.com/browse.jsp?pageType=browse&id=gro_canne,29,01,freshdirect-browse,5,2019,200,Test Complete,18.10
24,7011,5212,5212.2950000012,5212.27,6098,3252,10013,7011.0,0,1,871,0,1539476,1207931,88759,70615,0,7881,7010,6905,6905,3259,4,5212,5869,4748,6472,6472,5212,5212,7882,7881,3606,3258,3258,34,13231,65,1548890551.99067,7882,7882,7011,6906,4528,6905,0,0,153273,260892,2,5212,5869,4749,6473,5212.27,5212,13296,9550,35.8752817431,22918,1244535,15306,277442,7400,0.94,0.64,0.17,18.068390625,6077.356,11405.541,9518.117,11405.541,8126,0.23,0.8,7883,7882,7882,0,-1,-1,1,5200,180,104,180,153,0,27,0,1,43,95,-1,95,-1,-1,99,100,-1,100,0,66,0,1,0,19792,0,4723,4723,7400,6500,6700,6700,6700,9000,9000,1548890532,4G,"Dulles, VA - <b>Chrome</b> - <b>4G</b>",True,190130_AT_14b55001f9676b7d267a3110f1e63449,170,Dulles:Chrome,0,,1,https://www.webpagetest.org/results.php?test=190130_AT_14b55001f9676b7d267a3110f1e63449,https://www.freshdirect.com/browse.jsp?pageType=browse&id=gro_canne,VM04-07-192.168.10.95,https://www.freshdirect.com/browse.jsp?pageType=browse&id=gro_canne,30,01,freshdirect-browse,5,2019,200,Test Complete,18.10
24,6176,4058,4058.3699999988,4058.3650000044,5180,2112,8800,,0,1,875,0,1563859,1562308,88748,87057,0,11766,6176,6066,6066,2126,7,4058,4899,3580,5590,5590,4058,4058,11804,11766,2359,2124,2124,34,14681,0,1548934645.126307,11766,11766,6176,6067,4526,6066,0,0,124421,161830,2,4058,4900,3581,5590,4058.3650000044,4058,14681,11620,39.7536777284,52345,1265375,15306,279566,6500,0.94,0.64,0.1,107.7406,6745.83,11961.946,8781.888,15628.922,8857,0.23,0.8,11804,11766,11766,0,-1,-1,1,4100,212,165,212,169,0,43,0,1,44,95,-1,95,-1,-1,96,100,-1,100,0,67,0,1,0,21896,0,3556,3556,6500,5600,5800,5800,5800,9000,9000,1548934641,4G,"Dulles, VA - <b>Chrome</b> - <b>4G</b>",True,190131_7F_1365a45f941ecb49eb8bc7774b46f32b,170,Dulles:Chrome,0,,1,https://www.webpagetest.org/results.php?test=190131_7F_1365a45f941ecb49eb8bc7774b46f32b,https://www.freshdirect.com/browse.jsp?pageType=browse&id=gro_canne,VM02-06-192.168.10.74,https://www.freshdirect.com/browse.jsp?pageType=browse&id=gro_canne,31,01,freshdirect-browse,5,2019,200,Test Complete,18.10
24,6924,4916,4916.8750000026,4916.8649999992,5999,2762,9552,,0,1,872,0,1469920,1136183,86859,69028,0,7738,6924,6807,6807,2771,12,4916,5737,4264,6311,6311,4916,4916,7739,7738,3190,2770,2770,34,13252,0,1548978732.351222,7738,7738,6924,6807,4456,6807,0,0,140125,228332,2,4917,5737,4264,6311,4916.8649999992,4917,13252,9590,35.9445277361,22952,1185113,15306,267709,7300,0.94,0.64,0.11,56.6855,6527.172,12045.679,9199.178,15432.7040000076,8708,0.23,0.8,7739,7738,7738,0,-1,-1,1,5000,176,101,176,150,0,26,0,1,43,94,-1,95,-1,-1,99,100,-1,100,0,64,0,1,0,19241,0,4230,4230,7300,6400,6900,6900,6900,9000,9000,1548978738,4G,"Dulles, VA - <b>Chrome</b> - <b>4G</b>",True,190131_YS_6be969895087f0519bd80da7e7efac19,170,Dulles:Chrome,0,,1,https://www.webpagetest.org/results.php?test=190131_YS_6be969895087f0519bd80da7e7efac19,https://www.freshdirect.com/browse.jsp?pageType=browse&id=gro_canne,VM01-08-192.168.10.66,https://www.freshdirect.com/browse.jsp?pageType=browse&id=gro_canne,31,01,freshdirect-browse,5,2019,200,Test Complete,18.10
24,7116,5024,5024.940000003,5024.9350000086,5974,2947,9747,,0,1,878,0,1459902,1458490,87298,85608,0,12091,7115,6999,6999,2957,12,5024,5798,4382,6493,6493,5024,5024,12120,12091,3190,2956,2956,34,14962,0,1549023094.663079,12091,12091,7116,6999,4435,6999,0,0,121506,159502,2,5025,5798,4383,6494,5024.9350000086,5025,14962,12430,40.7540983607,22954,1178681,15306,262791,7400,0.94,0.64,0.1,53.986,6835.891,14616.906,9630.148,14616.9060000153,8976,0.23,0.8,12121,12091,12091,0,-1,-1,1,5100,201,161,201,163,0,38,0,1,43,95,-1,95,-1,-1,99,100,-1,100,0,64,0,1,0,21988,0,4353,4353,7400,6200,6200,6800,6800,9000,9000,1549023103,4G,"Dulles, VA - <b>Chrome</b> - <b>4G</b>",True,190201_Y5_429c40fe1bd2ae72904798ecdae3075f,170,Dulles:Chrome,0,,1,https://www.webpagetest.org/results.php?test=190201_Y5_429c40fe1bd2ae72904798ecdae3075f,https://www.freshdirect.com/browse.jsp?pageType=browse&id=gro_canne,VM03-07-192.168.10.86,https://www.freshdirect.com/browse.jsp?pageType=browse&id=gro_canne,01,02,freshdirect-browse,5,2019,200,Test Complete,18.10
24,7149,5321,5321.4100000041,5321.4049999951,6306,3168,9764,7149.0,0,1,922,0,1472768,1135819,88329,70496,0,7919,7148,7001,7001,3176,13,5321,5942,4752,6604,6604,5321,5321,7920,7919,3432,3175,3175,32,13499,0,1549066404.638113,7920,7919,7149,7001,4491,7001,0,0,142558,239019,2,5321,5942,4753,6604,5321.4049999951,5321,13499,10880,40.4460966543,22954,1175592,15306,279687,7500,0.94,0.64,0.15,41.969375,6614.961,11462.92,9325.865,11462.92,8628,0.23,0.8,7920,7920,7920,0,-1,-1,1,5300,178,102,178,150,0,28,0,1,44,96,-1,95,-1,-1,99,100,-1,100,0,67,0,1,0,20218,0,4718,4718,7500,6600,7500,7500,7500,9000,9000,1549066410,4G,"Dulles, VA - <b>Chrome</b> - <b>4G</b>",True,190202_Z7_d01ead28520428816ca0e718fc2ba300,170,Dulles:Chrome,0,,1,https://www.webpagetest.org/results.php?test=190202_Z7_d01ead28520428816ca0e718fc2ba300,https://www.freshdirect.com/browse.jsp?pageType=browse&id=gro_canne,VM01-03-192.168.10.61,https://www.freshdirect.com/browse.jsp?pageType=browse&id=gro_canne,01,02,freshdirect-browse,5,2019,200,Test Complete,18.10
24,8134,5696,5696.179999999,5696.1749999973,6840,3292,10567,8134.0,0,1,876,0,1478163,1476360,88557,86867,0,13898,8134,7962,7961,3302,22,5696,6216,4782,7073,7073,5696,5696,13938,13898,3538,3300,3300,34,16884,0,1549075088.911126,13899,13898,8134,7962,4533,7962,0,0,108752,139187,2,5696,6216,4783,7073,5696.1749999973,5696,16884,14500,43.9927184466,22954,1181573,15306,277734,8800,0.94,0.64,0.11,79.105,6284.421,11977.603,9233.814,15795.339,8551,0.23,0.8,13938,13898,13899,0,-1,-1,1,5700,213,164,213,170,0,43,0,1,43,95,-1,95,-1,-1,99,100,-1,100,0,66,0,1,0,24709,0,4748,4748,8800,7100,7900,7900,7900,9000,9000,1549075090,4G,"Dulles, VA - <b>Chrome</b> - <b>4G</b>",True,190202_P7_618f7353f6e9503dc7aac4120d20e2d3,170,Dulles:Chrome,0,,1,https://www.webpagetest.org/results.php?test=190202_P7_618f7353f6e9503dc7aac4120d20e2d3,https://www.freshdirect.com/browse.jsp?pageType=browse&id=gro_canne,VM02-02-192.168.10.70,https://www.freshdirect.com/browse.jsp?pageType=browse&id=gro_canne,01,02,freshdirect-browse,5,2019,200,Test Complete,18.10
24,7877,5834,5834.0900000039,5834.0900000039,6933,3930,10598,7877.0,0,1,882,0,1485580,1148907,88892,71064,0,8673,7877,7763,7763,3939,8,5834,6751,5328,7251,7251,5834,5834,8674,8673,4280,3938,3938,33,14078,0,1549110224.855093,8674,8674,7877,7764,4523,7764,0,0,146391,242181,2,5834,6752,5329,7251,5834.0900000039,5834,14078,10140,36.2142857143,22956,1181445,15306,286688,8200,0.94,0.64,0.11,37.6498,6459.427,11509.287,9436.918,15010.509,8706,0.23,0.8,8675,8674,8674,0,-1,-1,1,5800,175,104,175,152,0,23,0,1,44,95,-1,95,-1,-1,99,100,-1,100,0,67,0,1,0,20545,0,5301,5301,8200,7200,7200,7400,7400,9000,9000,1549110227,4G,"Dulles, VA - <b>Chrome</b> - <b>4G</b>",True,190202_7X_2756cbe821f8730033f840c19ebeeff9,170,Dulles:Chrome,0,,1,https://www.webpagetest.org/results.php?test=190202_7X_2756cbe821f8730033f840c19ebeeff9,https://www.freshdirect.com/browse.jsp?pageType=browse&id=gro_canne,VM03-05-192.168.10.84,https://www.freshdirect.com/browse.jsp?pageType=browse&id=gro_canne,02,02,freshdirect-browse,5,2019,200,Test Complete,18.10
24,6576,4673,4673.7950000024,4673.7950000024,5547,2801,9134,,0,1,885,0,1474614,1137990,88809,70362,0,7347,6575,6456,6456,2811,13,4673,5355,4210,5938,5938,4673,4673,7348,7347,3084,2811,2811,33,12698,0,1549154323.808806,7348,7348,6576,6456,4503,6456,0,0,148996,250272,2,4674,5356,4211,5939,4673.7950000024,4674,12698,8100,32.1939586646,22958,1174982,15306,281109,7100,0.94,0.64,0.19,17.861183908,5703.102,10982.631,8950.297,10982.6309999924,7798,0.23,0.8,7348,7348,7348,0,-1,-1,1,4700,177,102,177,147,0,30,0,1,44,96,-1,95,-1,-1,99,100,-1,100,0,63,0,1,0,18504,0,4187,4187,7100,5700,5900,6000,6000,9000,9000,1549154324,4G,"Dulles, VA - <b>Chrome</b> - <b>4G</b>",True,190203_AW_13c94797be7e9dfc0ca5112c50d4e29a,170,Dulles:Chrome,0,,1,https://www.webpagetest.org/results.php?test=190203_AW_13c94797be7e9dfc0ca5112c50d4e29a,https://www.freshdirect.com/browse.jsp?pageType=browse&id=gro_canne,VM01-06-192.168.10.64,https://www.freshdirect.com/browse.jsp?pageType=browse&id=gro_canne,02,02,freshdirect-browse,5,2019,200,Test Complete,18.10
24,6782,4700,4700.4900000029,4700.4849999939,5660,2708,9415,,0,1,872,0,1494996,1158317,89465,71633,0,7826,6782,6679,6679,2718,11,4700,5406,4205,6169,6169,4700,4700,7828,7826,3062,2717,2717,34,13229,0,1549198451.083306,7827,7826,6782,6679,4522,6679,0,0,142096,226277,2,4700,5406,4205,6170,4700.4849999939,4700,13229,10649,39.0252839868,22954,1187511,15306,289974,7100,0.94,0.64,0.07,17.7686451613,7552.94,12911.558,10881.38,16639.7029999847,9834,0.23,0.8,7828,7827,7827,0,-1,-1,1,4700,180,105,180,154,0,26,0,1,43,95,-1,95,-1,-1,99,100,-1,100,0,67,0,1,0,20143,0,4176,4176,7100,6200,6400,6400,6400,9000,9000,1549198431,4G,"Dulles, VA - <b>Chrome</b> - <b>4G</b>",True,190203_EB_91c9f244305372cc137c4b04d790ffd1,170,Dulles:Chrome,0,,1,https://www.webpagetest.org/results.php?test=190203_EB_91c9f244305372cc137c4b04d790ffd1,https://www.freshdirect.com/browse.jsp?pageType=browse&id=gro_canne,VM04-08-192.168.10.96,https://www.freshdirect.com/browse.jsp?pageType=browse&id=gro_canne,03,02,freshdirect-browse,5,2019,200,Test Complete,18.10
24,6759,4773,4773.3700000026,4773.3700000026,5771,2618,9447,,0,1,882,0,1523394,1156726,89073,71494,0,7592,6759,6652,6652,2634,22,4773,5477,4287,6209,6209,4773,4773,7593,7593,2971,2633,2633,34,13219,0,1549242535.789165,7593,7593,6759,6653,4509,6652,0,0,143702,232507,2,4773,5478,4288,6210,4773.3700000026,4773,13219,11239,40.2146690519,52382,1216270,15306,288526,7100,0.94,0.64,0.15,18.5987391304,6371.284,11595.215,9726.622,11595.2150000076,8571,0.23,0.8,7593,7593,7593,0,-1,-1,1,4800,181,106,181,154,0,27,0,1,43,95,-1,95,-1,-1,96,100,-1,100,0,67,0,1,0,19932,0,4259,4259,7100,6000,6300,6300,6300,9000,9000,1549242539,4G,"Dulles, VA - <b>Chrome</b> - <b>4G</b>",True,190204_4R_199f99cba54bfe0a745bb1ea13b2e257,170,Dulles:Chrome,0,,1,https://www.webpagetest.org/results.php?test=190204_4R_199f99cba54bfe0a745bb1ea13b2e257,https://www.freshdirect.com/browse.jsp?pageType=browse&id=gro_canne,VM01-01-192.168.10.43,https://www.freshdirect.com/browse.jsp?pageType=browse&id=gro_canne,03,02,freshdirect-browse,5,2019,200,Test Complete,18.10
24,6582,4683,4683.5800000044,4683.5800000044,5671,2831,9962,4683.0,0,1,875,0,1509782,1143346,88227,70257,0,7425,6581,6479,6478,2841,5,4683,5417,4241,6090,6090,4683,4683,7428,7425,3185,2839,2839,34,13116,59,1549286654.623546,7426,7426,6582,6479,4529,6479,0,0,145957,248823,2,4684,5418,4241,6091,4683.5800000044,4684,13175,8099,30.833650552,52391,1217011,15306,275024,6900,0.94,0.64,0.16,17.2862093023,6395.997,11405.817,9482.444,11405.817,8305,0.23,0.8,7429,7426,7426,0,-1,-1,1,4700,183,104,183,156,0,27,0,1,43,94,-1,95,-1,-1,96,100,-1,100,0,67,0,1,0,19416,0,4216,4216,6900,5900,5900,5900,6800,9000,9000,1549286628,4G,"Dulles, VA - <b>Chrome</b> - <b>4G</b>",True,190204_PP_7be7ba2f3c43254f809d2cf00b21302e,170,Dulles:Chrome,0,,1,https://www.webpagetest.org/results.php?test=190204_PP_7be7ba2f3c43254f809d2cf00b21302e,https://www.freshdirect.com/browse.jsp?pageType=browse&id=gro_canne,VM04-04-192.168.10.92,https://www.freshdirect.com/browse.jsp?pageType=browse&id=gro_canne,04,02,freshdirect-browse,6,2019,200,Test Complete,18.10
24,7348,5272,5272.4950000011,5272.4950000011,6232,3250,10090,7348.0,0,1,874,0,1476025,1139602,86770,70020,0,8226,7347,7224,7223,3262,16,5272,6076,4626,6708,6708,5272,5272,8228,8226,3608,3262,3262,33,13539,0,1549300406.36315,8227,8227,7348,7225,4529,7224,0,0,143456,228973,2,5272,6077,4626,6709,5272.4950000011,5272,13539,11439,41.4042707202,22955,1187089,15306,271323,7700,0.94,0.64,0.09,72.7781666667,7035.768,14927.336,10525.641,14927.336,9141,0.23,0.8,8229,8227,8227,0,-1,-1,1,5300,169,103,169,147,0,22,0,1,44,95,-1,95,-1,-1,99,100,-1,100,0,66,0,1,0,20207,0,4598,4598,7700,6500,6500,6500,7700,9000,9000,1549300410,4G,"Dulles, VA - <b>Chrome</b> - <b>4G</b>",True,190204_7Z_c02bbbeb7eb31ebf3125c7ce455791d7,170,Dulles:Chrome,0,,1,https://www.webpagetest.org/results.php?test=190204_7Z_c02bbbeb7eb31ebf3125c7ce455791d7,https://www.freshdirect.com/browse.jsp?pageType=browse&id=gro_canne,VM03-08-192.168.10.87,https://www.freshdirect.com/browse.jsp?pageType=browse&id=gro_canne,04,02,freshdirect-browse,6,2019,200,Test Complete,18.10
24,5838,4200,4200.8499999938,4200.8399999904,4917,2146,8351,,0,1,874,0,1467063,1464574,87807,85807,0,14238,5838,5738,5738,2153,4,4200,4737,3659,5308,5308,4200,4200,14269,14238,2389,2152,2152,34,17241,0,1549330752.097061,14238,14238,5838,5739,4484,5739,0,0,97188,121119,2,4201,4738,3660,5309,4200.8399999904,4201,17241,11790,32.8686925007,23015,1179903,15306,263481,6100,0.85,0.64,0.12,17.7792755906,6083.733,10970.538,9382.5,17328.6079999924,8130,0.23,0.8,14270,14239,14238,0,-1,-1,1,4200,245,171,245,189,0,56,0,1,43,95,-1,95,-1,-1,99,100,-1,100,0,67,0,1,0,24324,0,3633,3633,6100,5100,5100,5100,6100,9000,9000,1549330734,4G,"Dulles, VA - <b>Chrome</b> - <b>4G</b>",True,190205_QT_4acb3e55aaef6702c5d8e8aeef831516,170,Dulles:Chrome,0,,1,https://www.webpagetest.org/results.php?test=190205_QT_4acb3e55aaef6702c5d8e8aeef831516,https://www.freshdirect.com/browse.jsp?pageType=browse&id=gro_canne,VM04-05-192.168.10.93,https://www.freshdirect.com/browse.jsp?pageType=browse&id=gro_canne,04,02,freshdirect-browse,6,2019,200,Test Complete,18.10
24,6345,4438,4438.8449999999,4438.8449999999,5408,2473,8997,,0,1,893,0,1476694,1139963,87818,69594,0,7134,6345,6241,6241,2482,7,4438,5197,3973,5842,5842,4438,4438,7135,7134,2821,2481,2481,34,12537,0,1549374830.661722,7135,7134,6345,6241,4534,6241,0,0,146730,244522,2,4439,5198,3974,5842,4438.8449999999,4439,12537,7890,31.8273497378,23024,1187284,15306,271988,6600,0.94,0.64,0.04,32.8439090909,9325.123,14365.051,12197.319,18466.43,11370,0.23,0.8,7135,7135,7135,0,-1,-1,1,4400,178,102,178,150,0,28,0,1,43,94,-1,95,-1,-1,99,100,-1,100,0,66,0,1,0,18390,0,3943,3943,6600,5600,5600,5600,6600,9000,9000,1549374831,4G,"Dulles, VA - <b>Chrome</b> - <b>4G</b>",True,190205_M4_f20ec69c4edd60ff50851598f32ab160,170,Dulles:Chrome,0,,1,https://www.webpagetest.org/results.php?test=190205_M4_f20ec69c4edd60ff50851598f32ab160,https://www.freshdirect.com/browse.jsp?pageType=browse&id=gro_canne,VM01-06-192.168.10.64,https://www.freshdirect.com/browse.jsp?pageType=browse&id=gro_canne,05,02,freshdirect-browse,6,2019,200,Test Complete,18.10
24,9780,6525,6525.4850000056,6525.4850000056,8685,4399,12358,9780.0,0,1,871,0,1675509,1338713,83679,65210,0,10576,9779,9679,9679,4407,11,6525,8740,5964,9336,9336,6525,6525,10578,10576,4643,4407,4407,35,15950,0,1549418954.03973,10577,10577,9780,9680,4537,9680,0,0,145053,216690,2,6525,8740,5965,9337,6525.4850000056,6525,15950,9030,28.7031150668,236532,1394023,15306,263956,10100,0.85,0.64,0.13,39.81325,6012.927,11378.301,9079.584,15112.2590000076,8233,0.23,0.8,10579,10577,10577,0,-1,-1,1,6500,176,102,176,150,0,26,0,1,44,95,-1,95,-1,-1,84,100,-1,100,0,65,0,1,0,22687,0,5939,5939,10100,9100,9100,9100,9500,9000,9000,1549418932,4G,"Dulles, VA - <b>Chrome</b> - <b>4G</b>",True,190206_Y3_15afb5f60bb9fef9b2f53c379d200c0f,170,Dulles:Chrome,0,,1,https://www.webpagetest.org/results.php?test=190206_Y3_15afb5f60bb9fef9b2f53c379d200c0f,https://www.freshdirect.com/browse.jsp?pageType=browse&id=gro_canne,VM04-08-192.168.10.96,https://www.freshdirect.com/browse.jsp?pageType=browse&id=gro_canne,05,02,freshdirect-browse,6,2019,200,Test Complete,18.10
24,6731,5177,5177.635,5177.6300000001,5883,3158,9440,6731.0,0,1,883,0,1489595,1122931,86894,69064,0,7543,6730,6623,6623,3167,23,5177,5685,4596,6189,6189,5177,5177,7545,7543,3469,3166,3166,33,12994,0,1549463042.887961,7544,7544,6731,6624,4520,6624,0,0,151443,256026,2,5178,5686,4596,6189,5177.6300000001,5178,12994,8360,32.5418450759,52443,1210056,15306,261038,7000,0.94,0.64,0.17,51.2844285714,5975.8,11444.324,8839.739,11444.324,8255,0.23,0.8,7546,7544,7544,0,-1,-1,1,5200,170,101,170,148,0,22,0,1,43,95,-1,95,-1,-1,96,100,-1,100,0,65,0,1,0,19443,0,4569,4569,7000,6200,6200,6200,7000,9000,9000,1549463024,4G,"Dulles, VA - <b>Chrome</b> - <b>4G</b>",True,190206_EA_cbb80d7ac03eefd6a486b0616dd6bca6,170,Dulles:Chrome,0,,1,https://www.webpagetest.org/results.php?test=190206_EA_cbb80d7ac03eefd6a486b0616dd6bca6,https://www.freshdirect.com/browse.jsp?pageType=browse&id=gro_canne,VM02-03-192.168.10.71,https://www.freshdirect.com/browse.jsp?pageType=browse&id=gro_canne,06,02,freshdirect-browse,6,2019,200,Test Complete,18.10
24,6916,5104,5104.0950000024,5104.0900000007,5954,3071,9527,6916.0,0,1,877,0,1460252,1122163,88148,69687,0,7740,6916,6806,6805,3078,18,5104,5749,4614,6381,6381,5104,5104,7742,7740,3296,3078,3078,32,13093,0,1549507130.192991,7741,7740,6916,6806,4520,6805,0,0,145704,240291,2,5104,5749,4614,6381,5104.0900000007,5104,13093,8609,31.7829457364,23015,1173494,15306,266631,7200,0.94,0.64,0.18,17.8194736842,5859.855,11179.696,9203.136,11179.6960000076,7926,0.23,0.8,7742,7740,7741,0,-1,-1,1,5100,172,101,172,148,0,24,0,1,44,96,-1,95,-1,-1,99,100,-1,100,0,66,0,1,0,19472,0,4586,4586,7200,6200,6200,6200,6600,9000,9000,1549507125,4G,"Dulles, VA - <b>Chrome</b> - <b>4G</b>",True,190207_VG_02de6a0e26b72479dc189df9f5462690,170,Dulles:Chrome,0,,1,https://www.webpagetest.org/results.php?test=190207_VG_02de6a0e26b72479dc189df9f5462690,https://www.freshdirect.com/browse.jsp?pageType=browse&id=gro_canne,VM01-07-192.168.11.94,https://www.freshdirect.com/browse.jsp?pageType=browse&id=gro_canne,06,02,freshdirect-browse,6,2019,200,Test Complete,18.10
24,7029,4659,4659.9149999965,4659.9149999965,5969,2585,9581,,0,1,877,0,1486909,1120385,86135,68537,0,7910,7029,6928,6927,2592,23,4659,5684,4009,6518,6518,4659,4659,7912,7910,2808,2592,2592,32,13320,0,1549595341.216265,7911,7911,7029,6928,4534,6928,0,0,138510,210361,2,4660,5684,4009,6518,4659.9149999965,4660,13320,9889,36.7248421834,52443,1202736,15306,265802,7300,0.94,0.64,0.15,39.9931818182,6357.085,11669.572,9314.886,11669.5719999924,8453,0.23,0.8,7913,7911,7911,0,-1,-1,1,4700,172,100,172,146,0,26,0,1,44,96,-1,95,-1,-1,96,100,-1,100,0,65,0,1,0,19420,0,3978,3978,7300,6300,6300,6300,6700,9000,9000,1549595339,4G,"Dulles, VA - <b>Chrome</b> - <b>4G</b>",True,190208_R7_6b2a7b5ef29c2964cf798aa8ab28a5a9,170,Dulles:Chrome,0,,1,https://www.webpagetest.org/results.php?test=190208_R7_6b2a7b5ef29c2964cf798aa8ab28a5a9,https://www.freshdirect.com/browse.jsp?pageType=browse&id=gro_canne,VM01-01-192.168.10.43,https://www.freshdirect.com/browse.jsp?pageType=browse&id=gro_canne,07,02,freshdirect-browse,6,2019,200,Test Complete,18.10
24,6454,4586,4586.3400000017,4586.335,5454,2654,9098,,0,1,879,0,1458001,1118388,86547,68967,0,7289,6454,6354,6354,2666,12,4586,5232,4116,5927,5927,4586,4586,7290,7289,2876,2665,2665,32,13216,0,1549639466.756396,7289,7289,6454,6354,4521,6354,0,0,138042,241291,2,4586,5233,4117,5927,4586.335,4586,13216,8380,32.193622743,25509,1170332,15306,269415,6800,0.94,0.64,0.16,35.3541818182,6228.975,11483.603,9090.532,11483.603,8302,0.23,0.8,7290,7289,7289,0,-1,-1,1,4600,183,101,183,155,0,28,0,1,44,96,-1,95,-1,-1,98,100,-1,100,0,66,0,1,0,19305,0,4075,4075,6800,5700,5700,5700,6100,9000,9000,1549639434,4G,"Dulles, VA - <b>Chrome</b> - <b>4G</b>",True,190208_ZK_c6a57800511ae8c0ea5ff6a2b83a316d,170,Dulles:Chrome,0,,1,https://www.webpagetest.org/results.php?test=190208_ZK_c6a57800511ae8c0ea5ff6a2b83a316d,https://www.freshdirect.com/browse.jsp?pageType=browse&id=gro_canne,VM04-04-192.168.10.92,https://www.freshdirect.com/browse.jsp?pageType=browse&id=gro_canne,08,02,freshdirect-browse,6,2019,200,Test Complete,18.10
24,6448,4596,4596.8599999978,4596.8549999961,5385,2451,9100,,0,1,877,0,1453446,1116669,86715,69099,0,7313,6447,6353,6353,2460,21,4596,5167,3997,5773,5773,4596,4596,7314,7313,2715,2459,2459,31,12923,0,1549683564.548216,7314,7314,6448,6354,4538,6354,0,0,138793,229625,2,4597,5168,3998,5774,4596.8549999961,4597,12923,10280,39.2666157372,23017,1168815,15306,267153,6700,0.94,0.64,0.17,19.2115555556,6001.091,11365.082,9275.005,11365.082,8062,0.23,0.8,7315,7314,7314,0,-1,-1,1,4600,176,101,176,148,0,28,0,1,44,96,-1,95,-1,-1,99,100,-1,100,0,65,0,1,0,18898,0,3970,3970,6700,5700,5700,5700,6100,9000,9000,1549683532,4G,"Dulles, VA - <b>Chrome</b> - <b>4G</b>",True,190209_MG_7ff98ad03bdfec21089911638c57cbaf,170,Dulles:Chrome,0,,1,https://www.webpagetest.org/results.php?test=190209_MG_7ff98ad03bdfec21089911638c57cbaf,https://www.freshdirect.com/browse.jsp?pageType=browse&id=gro_canne,VM04-08-192.168.10.96,https://www.freshdirect.com/browse.jsp?pageType=browse&id=gro_canne,08,02,freshdirect-browse,6,2019,200,Test Complete,18.10
24,6663,4397,4397.2100000001,4397.2100000001,5602,2413,9378,,0,1,873,0,1453969,1117507,88040,69859,0,7480,6662,6555,6555,2422,7,4397,5487,3882,6121,6121,4397,4397,7481,7480,2634,2421,2421,32,12967,0,1549727634.126727,7480,7481,6663,6556,4524,6555,0,0,137764,220546,2,4397,5488,3883,6122,4397.2100000001,4397,12967,9810,38.1118881119,23017,1168722,15306,268161,6900,0.94,0.64,0.15,19.0868888889,6247.06,11580.246,9511.167,11580.246,8378,0.23,0.8,7482,7481,7480,0,-1,-1,1,4400,177,102,177,149,0,28,0,1,44,96,-1,95,-1,-1,99,100,-1,100,0,66,0,1,0,19318,0,3854,3854,6900,5900,5900,5900,6300,9000,9000,1549727628,4G,"Dulles, VA - <b>Chrome</b> - <b>4G</b>",True,190209_56_3c0e1145e13d28322f5e4ce695d77b13,170,Dulles:Chrome,0,,1,https://www.webpagetest.org/results.php?test=190209_56_3c0e1145e13d28322f5e4ce695d77b13,https://www.freshdirect.com/browse.jsp?pageType=browse&id=gro_canne,VM01-08-192.168.10.66,https://www.freshdirect.com/browse.jsp?pageType=browse&id=gro_canne,09,02,freshdirect-browse,6,2019,200,Test Complete,18.10
24,7060,4779,4779.86,4779.86,6142,2709,9934,4779.0,0,1,883,0,1456641,1120006,86952,69370,0,7905,7060,6946,6946,2717,13,4779,5849,4144,6533,6533,4779,4779,7906,7905,2995,2716,2716,32,14052,0,1549771136.972214,7905,7905,7060,6946,4536,6946,0,0,128417,215551,2,4780,5850,4145,6534,4779.86,4780,14052,10050,35.7778568886,23025,1168781,15306,270581,7400,0.94,0.64,0.16,49.4001428571,6206.213,11553.32,8991.477,11553.32,8368,0.23,0.8,7906,7905,7905,0,-1,-1,1,4800,181,101,181,153,0,28,0,1,44,96,-1,95,-1,-1,99,100,-1,100,0,66,0,1,0,20322,0,4120,4120,7400,6400,6400,6400,6800,9000,9000,1549771131,4G,"Dulles, VA - <b>Chrome</b> - <b>4G</b>",True,190210_TR_05b05931dbcf7c1750ad0697bf47224d,170,Dulles:Chrome,0,,1,https://www.webpagetest.org/results.php?test=190210_TR_05b05931dbcf7c1750ad0697bf47224d,https://www.freshdirect.com/browse.jsp?pageType=browse&id=gro_canne,VM01-03-192.168.10.61,https://www.freshdirect.com/browse.jsp?pageType=browse&id=gro_canne,09,02,freshdirect-browse,6,2019,200,Test Complete,18.10
24,6208,4422,4422.6300000009,4422.6249999992,5250,2351,8872,,0,1,887,0,1464446,1116998,87740,69013,0,7064,6207,6104,6104,2362,20,4422,5096,3811,5703,5703,4422,4422,7069,7064,2572,2361,2361,34,12501,0,1549815273.810692,7065,7065,6208,6105,4545,6105,0,0,144280,236953,2,4423,5097,3811,5704,4422.6249999992,4423,12501,9299,36.9634340222,23016,1180559,15306,266923,6500,0.94,0.64,0.19,47.4805,5795.684,11210.302,8712.433,11210.302,7835,0.23,0.8,7070,7065,7065,0,-1,-1,1,4400,168,101,168,150,0,18,0,1,44,95,-1,95,-1,-1,99,100,-1,100,0,65,0,1,0,18288,0,3785,3785,6500,5500,5500,5500,5900,9000,9000,1549815236,4G,"Dulles, VA - <b>Chrome</b> - <b>4G</b>",True,190210_1A_9d1cab3a17324b62c91616d0cb34f21b,170,Dulles:Chrome,0,,1,https://www.webpagetest.org/results.php?test=190210_1A_9d1cab3a17324b62c91616d0cb34f21b,https://www.freshdirect.com/browse.jsp?pageType=browse&id=gro_canne,VM04-02-192.168.10.90,https://www.freshdirect.com/browse.jsp?pageType=browse&id=gro_canne,10,02,freshdirect-browse,6,2019,200,Test Complete,18.10
24,6703,4419,4419.7899999999,4419.7799999965,5586,2455,9216,,0,1,876,0,1454610,1117828,87199,69333,0,7265,6702,6586,6585,2463,6,4419,5333,3809,6543,6543,4419,4419,7267,7265,2863,2462,2462,32,12812,0,1549859339.982303,7265,7265,6703,6586,4515,6586,0,0,140447,232396,2,4420,5333,3810,6543,4419.7799999965,4420,12812,10720,41.891363814,23015,1168505,15306,268665,7000,0.94,0.64,0.17,62.1698,6069.514,11541.18,8923.821,11541.1799999924,8208,0.23,0.8,7267,7265,7265,0,-1,-1,1,4400,170,100,170,147,0,23,0,1,44,96,-1,95,-1,-1,99,100,-1,100,0,66,0,1,0,19483,0,3780,3780,7000,5900,5900,5900,6600,9000,9000,1549859334,4G,"Dulles, VA - <b>Chrome</b> - <b>4G</b>",True,190211_9Y_700ad29663a8d3c2fd5a4997b899e6ce,170,Dulles:Chrome,0,,1,https://www.webpagetest.org/results.php?test=190211_9Y_700ad29663a8d3c2fd5a4997b899e6ce,https://www.freshdirect.com/browse.jsp?pageType=browse&id=gro_canne,VM01-01-192.168.10.43,https://www.freshdirect.com/browse.jsp?pageType=browse&id=gro_canne,10,02,freshdirect-browse,6,2019,200,Test Complete,18.10
24,7203,5207,5207.7499999996,5207.7449999997,6098,2963,9718,7203.0,0,1,891,0,1486091,1119405,87392,69171,0,7895,7202,7052,7052,2975,15,5207,5861,4544,6478,6478,5207,5207,7897,7895,3185,2974,2974,32,13285,0,1549991647.564389,7896,7896,7203,7053,4535,7052,0,0,143973,226921,2,5208,5861,4545,6479,5207.7449999997,5208,13285,9559,36.3221884499,52445,1199107,15306,268494,7500,0.94,0.64,0.16,19.1812826087,6289.549,11299.649,9630.531,11299.649,8393,0.23,0.8,7898,7896,7896,0,-1,-1,1,5200,171,100,171,147,0,24,0,1,44,96,-1,95,-1,-1,96,100,-1,100,0,67,0,1,0,19408,0,4519,4519,7500,6500,6500,6500,6700,9000,9000,1549991638,4G,"Dulles, VA - <b>Chrome</b> - <b>4G</b>",True,190212_47_a4eeeee9995a01126115f9cfc77d2586,170,Dulles:Chrome,0,,1,https://www.webpagetest.org/results.php?test=190212_47_a4eeeee9995a01126115f9cfc77d2586,https://www.freshdirect.com/browse.jsp?pageType=browse&id=gro_canne,VM01-08-192.168.10.66,https://www.freshdirect.com/browse.jsp?pageType=browse&id=gro_canne,12,02,freshdirect-browse,7,2019,200,Test Complete,18.10
24,5850,4301,4301.8549999979,4301.8500000035,4908,2217,8551,,0,1,878,0,1486128,1119254,87628,69762,0,6663,5850,5745,5745,2225,16,4301,4838,3658,5193,5193,4301,4301,6664,6663,2442,2224,2224,32,12393,0,1550035741.511008,6663,6663,5850,5745,4522,5745,0,0,146042,251744,2,4302,4839,3658,5193,4301.8500000035,4302,12393,9600,38.1406436234,52443,1199217,15306,268279,6100,0.85,0.64,0.18,17.8711590909,6045.093,10873.893,9272.479,10873.893,8033,0.23,0.8,6664,6663,6663,0,-1,-1,1,4300,175,101,175,150,0,25,0,1,44,96,-1,95,-1,-1,96,100,-1,100,0,67,0,1,0,18438,0,3633,3633,6100,5200,5200,5200,5500,9000,9000,1550035727,4G,"Dulles, VA - <b>Chrome</b> - <b>4G</b>",True,190213_36_9aaf0d7bb22e3929def621783e6c90d6,170,Dulles:Chrome,0,,1,https://www.webpagetest.org/results.php?test=190213_36_9aaf0d7bb22e3929def621783e6c90d6,https://www.freshdirect.com/browse.jsp?pageType=browse&id=gro_canne,VM01-04-192.168.10.62,https://www.freshdirect.com/browse.jsp?pageType=browse&id=gro_canne,13,02,freshdirect-browse,7,2019,200,Test Complete,18.10
24,6048,4181,4181.8950000015,4181.8950000015,5046,2164,8639,,0,1,880,0,1453198,1116105,88226,70221,0,6774,6048,5943,5943,2177,9,4181,4960,3608,5529,5529,4181,4181,6775,6774,2389,2176,2176,31,12172,0,1550123948.624518,6775,6774,6048,5943,4534,5943,0,0,145203,242052,2,4182,4961,3608,5530,4181.8950000015,4182,12172,11050,42.846064366,23023,1164400,15306,271790,6400,0.85,0.64,0.2,18.2765274725,5760.213,10653.939,9068.213,10653.939,7833,0.23,0.8,6776,6774,6775,0,-1,-1,1,4200,172,102,172,149,0,23,0,1,44,96,-1,95,-1,-1,99,100,-1,100,0,68,0,1,0,18519,0,3582,3582,6400,5300,5300,5500,5700,9000,9000,1550123935,4G,"Dulles, VA - <b>Chrome</b> - <b>4G</b>",True,190214_9K_42fb79a99476c1e0fd281b7c365f4f9b,170,Dulles:Chrome,0,,1,https://www.webpagetest.org/results.php?test=190214_9K_42fb79a99476c1e0fd281b7c365f4f9b,https://www.freshdirect.com/browse.jsp?pageType=browse&id=gro_canne,VM03-07-192.168.10.86,https://www.freshdirect.com/browse.jsp?pageType=browse&id=gro_canne,14,02,freshdirect-browse,7,2019,200,Test Complete,18.10
24,7011,5066,5066.675,5066.675,5941,2917,9667,7011.0,0,1,877,0,1446992,1109531,86161,68531,0,7806,7011,6906,6906,2925,10,5066,5719,4382,6433,6433,5066,5066,7807,7806,3148,2924,2924,32,13583,0,1550168073.201842,7807,7807,7011,6906,4522,6906,0,0,135663,226897,2,5067,5719,4382,6433,5066.675,5067,13583,9949,35.5611150822,23017,1163346,15306,266404,7300,0.94,0.64,0.18,39.333,5936.668,11262.456,8848.908,11262.456,8057,0.23,0.8,7807,7807,7807,0,-1,-1,1,5100,176,100,176,151,0,25,0,1,44,96,-1,95,-1,-1,99,100,-1,100,0,65,0,1,0,19579,0,4350,4350,7300,6200,6200,6200,6600,9000,9000,1550168028,4G,"Dulles, VA - <b>Chrome</b> - <b>4G</b>",True,190214_MV_85965e8668df9799d88a3445d5ecfa05,170,Dulles:Chrome,0,,1,https://www.webpagetest.org/results.php?test=190214_MV_85965e8668df9799d88a3445d5ecfa05,https://www.freshdirect.com/browse.jsp?pageType=browse&id=gro_canne,VM04-03-192.168.10.91,https://www.freshdirect.com/browse.jsp?pageType=browse&id=gro_canne,14,02,freshdirect-browse,7,2019,200,Test Complete,18.10
24,6695,4617,4617.8450000007,4617.839999999,5757,2723,9265,,0,1,881,0,1480785,1112116,88397,70763,0,7465,6695,6592,6592,2731,6,4617,5531,4018,6140,6140,4617,4617,7466,7465,3137,2730,2730,32,12816,0,1550212144.812831,7466,7466,6695,6593,4523,6593,0,0,146714,234475,2,4618,5531,4018,6140,4617.839999999,4618,12816,9619,37.5048732943,53158,1194026,15306,268233,7100,0.85,0.64,0.13,41.279875,6520.844,12002.141,9685.609,12002.1410000076,8910,0.23,0.8,7467,7466,7466,0,-1,-1,1,4800,166,102,166,148,0,18,0,1,44,96,-1,95,-1,-1,96,100,-1,100,0,67,0,1,0,18872,0,3989,3989,7100,6000,6300,6300,6400,9000,9000,1550212132,4G,"Dulles, VA - <b>Chrome</b> - <b>4G</b>",True,190215_0R_118a6b6f3db516fa8ed2067492b345b2,170,Dulles:Chrome,0,,1,https://www.webpagetest.org/results.php?test=190215_0R_118a6b6f3db516fa8ed2067492b345b2,https://www.freshdirect.com/browse.jsp?pageType=browse&id=gro_canne,VM01-07-192.168.10.65,https://www.freshdirect.com/browse.jsp?pageType=browse&id=gro_canne,15,02,freshdirect-browse,7,2019,200,Test Complete,18.10
24,6957,4929,4929.9599999995,4929.9599999995,5792,2856,10384,4929.0,0,1,875,0,1461103,1110207,87009,68133,0,7682,6956,6839,6839,2866,13,4929,5553,4337,6208,6208,4929,4929,7684,7682,3085,2864,2864,34,13147,69,1550256248.136082,7683,7683,6957,6840,4537,6839,0,0,141033,229999,2,4930,5553,4338,6209,4929.9599999995,4930,13216,11609,43.1759018222,23724,1176941,15306,266404,7400,0.85,0.64,0.19,56.2542857143,5737.055,11203.565,8607.04,11203.565,7944,0.23,0.8,7685,7683,7683,0,-1,-1,1,4900,165,98,165,148,0,17,0,1,43,94,-1,95,-1,-1,98,100,-1,100,0,65,0,1,0,19554,0,4312,4312,7400,6000,6000,6000,6400,9000,9000,1550256235,4G,"Dulles, VA - <b>Chrome</b> - <b>4G</b>",True,190215_Y8_9a394c309163ed8914feb369e82f560a,170,Dulles:Chrome,0,,1,https://www.webpagetest.org/results.php?test=190215_Y8_9a394c309163ed8914feb369e82f560a,https://www.freshdirect.com/browse.jsp?pageType=browse&id=gro_canne,VM01-01-192.168.10.43,https://www.freshdirect.com/browse.jsp?pageType=browse&id=gro_canne,15,02,freshdirect-browse,7,2019,200,Test Complete,18.10
24,6726,4800,4800.8599999957,4800.8550000013,5703,2629,9697,,0,1,883,0,1480004,1110160,88177,70259,0,7494,6725,6622,6621,2638,6,4800,5302,4020,6206,6206,4800,4800,7495,7494,3043,2637,2637,32,12912,57,1550388549.321847,7495,7495,6726,6623,4536,6622,0,0,143133,228146,2,4801,5303,4021,6206,4800.8550000013,4801,12969,9639,37.8039215686,53437,1194694,15306,266739,7300,0.85,0.64,0.19,18.8686056338,5851.52,10850.654,9084.398,10850.654,7946,0.23,0.8,7496,7495,7495,0,-1,-1,1,4800,175,101,175,149,0,26,0,1,44,96,-1,95,-1,-1,96,100,-1,100,0,66,0,1,0,19035,0,3996,3996,7300,5800,5800,5800,6600,9000,9000,1550388532,4G,"Dulles, VA - <b>Chrome</b> - <b>4G</b>",True,190217_B0_ab0ab4fff923f62d2e7a3e9307420c73,170,Dulles:Chrome,0,,1,https://www.webpagetest.org/results.php?test=190217_B0_ab0ab4fff923f62d2e7a3e9307420c73,https://www.freshdirect.com/browse.jsp?pageType=browse&id=gro_canne,VM01-06-192.168.10.64,https://www.freshdirect.com/browse.jsp?pageType=browse&id=gro_canne,17,02,freshdirect-browse,7,2019,200,Test Complete,18.10
24,6463,4335,4335.8700000026,4335.8599999992,5413,2308,9216,,0,1,882,0,1494286,1113418,87358,68849,0,7267,6462,6365,6364,2316,20,4335,4973,3743,5436,5436,4335,4335,7270,7268,2541,2315,2315,33,12920,0,1550476749.440144,7269,7268,6463,6365,4536,6365,0,0,140810,224434,2,4336,4973,3743,5436,4335.8599999992,4336,12920,10259,40.015600624,53437,1205965,15306,269624,6800,0.94,0.64,0.16,45.7087777778,6024.752,11590.915,9005.537,11590.915,8207,0.23,0.8,7271,7269,7269,0,-1,-1,1,4300,168,100,168,148,0,20,0,1,43,94,-1,95,-1,-1,96,100,-1,100,0,66,0,1,0,19258,0,3719,3719,6800,5500,5500,5800,6200,9000,9000,1550476733,4G,"Dulles, VA - <b>Chrome</b> - <b>4G</b>",True,190218_4D_e34672669441a33da000af49f1917f32,170,Dulles:Chrome,0,,1,https://www.webpagetest.org/results.php?test=190218_4D_e34672669441a33da000af49f1917f32,https://www.freshdirect.com/browse.jsp?pageType=browse&id=gro_canne,VM03-07-192.168.10.86,https://www.freshdirect.com/browse.jsp?pageType=browse&id=gro_canne,18,02,freshdirect-browse,8,2019,200,Test Complete,18.10
24,6957,4985,4985.9649999999,4985.9600000054,5952,2790,9468,,0,1,883,0,1481111,1108771,87279,68365,0,7646,6956,6855,6855,2797,11,4985,5751,4265,6412,6412,4985,4985,7647,7646,3008,2796,2796,35,13890,0,1550520867.278471,7646,7646,6957,6856,4539,6856,0,0,133433,228330,2,4986,5751,4266,6413,4985.9600000054,4986,13890,11329,39.6431070679,24009,1197024,15306,264959,7300,0.94,0.64,0.18,44.958125,5990.222,11269.11,8824.956,11269.11,8039,0.23,0.8,7648,7646,7646,0,-1,-1,1,5000,189,100,189,159,0,30,0,1,44,94,-1,95,-1,-1,98,100,-1,100,0,64,0,1,0,19972,0,4240,4240,7200,6200,6200,6200,6600,9000,9000,1550520831,4G,"Dulles, VA - <b>Chrome</b> - <b>4G</b>",True,190218_7H_711796fa9e53da2ea35f1e3489c1a8d6,170,Dulles:Chrome,0,,1,https://www.webpagetest.org/results.php?test=190218_7H_711796fa9e53da2ea35f1e3489c1a8d6,https://www.freshdirect.com/browse.jsp?pageType=browse&id=gro_canne,VM02-04-192.168.10.72,https://www.freshdirect.com/browse.jsp?pageType=browse&id=gro_canne,18,02,freshdirect-browse,8,2019,200,Test Complete,18.10
24,7202,4927,4927.0599999982,4927.0550000001,6080,2800,9796,,0,1,871,0,1466541,1115659,88994,70735,0,7938,7201,7081,7081,2808,17,4927,5832,4369,6598,6598,4927,4927,7942,7939,3033,2807,2807,33,13398,0,1550698663.708541,7939,7939,7202,7082,4532,7082,0,0,138379,217096,2,4927,5832,4370,6599,4927.0550000001,4927,13398,10959,41.0333208536,23724,1177803,15306,270923,7500,0.94,0.64,0.17,53.6458333333,6228.824,11211.278,9078.701,11211.278,8288,0.23,0.8,7943,7939,7939,0,-1,-1,1,4900,169,103,169,151,0,18,0,1,44,95,-1,95,-1,-1,98,100,-1,100,0,68,0,1,0,20222,0,4337,4337,7500,6400,6400,6400,6700,9000,9000,1550698629,4G,"Dulles, VA - <b>Chrome</b> - <b>4G</b>",True,190220_FP_9aabbf481d44b0b050cedb52604f4303,170,Dulles:Chrome,0,,1,https://www.webpagetest.org/results.php?test=190220_FP_9aabbf481d44b0b050cedb52604f4303,https://www.freshdirect.com/browse.jsp?pageType=browse&id=gro_canne,VM02-05-192.168.10.73,https://www.freshdirect.com/browse.jsp?pageType=browse&id=gro_canne,20,02,freshdirect-browse,8,2019,200,Test Complete,18.10
24,7714,5686,5686.3250000024,5686.3200000007,6685,3209,10190,7714.0,0,1,905,0,1454460,1115031,88654,70392,0,8509,7713,7600,7600,3221,9,5686,6441,5112,7150,7150,5686,5686,8510,8509,3431,3220,3220,32,14079,0,1550698701.218431,8509,8509,7714,7600,4524,7600,0,0,133804,210383,2,5686,6441,5112,7151,5686.3200000007,5686,14079,12280,42.9821491075,23723,1166058,15306,270923,8300,0.94,0.64,0.16,101.8286,6303.522,11574.017,8456.281,11574.017,8391,0.23,0.8,8510,8509,8509,0,-1,-1,1,5800,176,103,176,151,0,25,0,1,44,96,-1,95,-1,-1,98,100,-1,100,0,68,0,1,0,20362,0,5075,5075,8300,6900,6900,6900,7500,9000,9000,1550698682,4G,"Dulles, VA - <b>Chrome</b> - <b>4G</b>",True,190220_EF_fd0866fc5846aee56c565ea33e7d8b49,170,Dulles:Chrome,0,,1,https://www.webpagetest.org/results.php?test=190220_EF_fd0866fc5846aee56c565ea33e7d8b49,https://www.freshdirect.com/browse.jsp?pageType=browse&id=gro_canne,VM01-01-192.168.10.43,https://www.freshdirect.com/browse.jsp?pageType=browse&id=gro_canne,20,02,freshdirect-browse,8,2019,200,Test Complete,18.10
24,7543,4701,4701.0149999987,4701.0100000043,5688,2428,10129,4701.0,0,1,877,0,1449915,1108549,87000,68979,0,8223,7543,7404,7403,2440,17,4701,5310,3861,6635,6635,4701,4701,8224,8223,2666,2439,2439,33,13506,0,1550742765.91413,8223,8223,7543,7404,4548,7403,0,0,130882,191294,2,4701,5310,3862,6636,4701.0100000043,4701,13506,12959,47.5421863536,25612,1167093,15306,265002,8000,0.85,0.64,0.16,61.5645,6251.145,11544.822,9102.933,11544.8219999924,8225,0.23,0.8,8224,8223,8223,0,-1,-1,1,4700,166,101,166,146,0,20,0,1,44,96,-1,95,-1,-1,98,100,-1,100,0,65,0,1,0,20259,0,3831,3831,8000,6100,6100,6100,7100,9000,9000,1550742748,4G,"Dulles, VA - <b>Chrome</b> - <b>4G</b>",True,190221_ZS_111707b433e577afae0fdc896027ce2a,170,Dulles:Chrome,0,,1,https://www.webpagetest.org/results.php?test=190221_ZS_111707b433e577afae0fdc896027ce2a,https://www.freshdirect.com/browse.jsp?pageType=browse&id=gro_canne,VM03-07-192.168.10.86,https://www.freshdirect.com/browse.jsp?pageType=browse&id=gro_canne,21,02,freshdirect-browse,8,2019,200,Test Complete,18.10
24,7867,5855,5855.4549999972,5855.4500000027,12184,3441,10562,7867.0,0,1,888,0,1460864,1109054,87407,68896,0,8668,7867,7758,7758,3451,8,5855,6552,5001,7128,7128,5855,5855,8670,8668,3724,3450,3450,34,14208,0,1550787000.192758,8668,8668,7867,7758,4544,7758,0,0,135679,212177,2,5855,6552,5002,7129,5855.4500000027,5855,14208,12439,42.6465546795,24009,1178094,15306,265002,13600,0.85,0.64,0.14,20.6198085106,6682.433,11703.773,9881.236,11703.773,8617,0.23,0.8,8670,8668,8668,0,-1,-1,1,5900,167,100,167,149,0,18,0,1,44,94,-1,95,-1,-1,98,100,-1,100,0,66,0,1,0,21107,0,4967,4967,13600,12400,12400,12400,12900,9000,9000,1550786955,4G,"Dulles, VA - <b>Chrome</b> - <b>4G</b>",True,190221_H5_0c992b7a4bc224d3734a90682105cda2,170,Dulles:Chrome,0,,1,https://www.webpagetest.org/results.php?test=190221_H5_0c992b7a4bc224d3734a90682105cda2,https://www.freshdirect.com/browse.jsp?pageType=browse&id=gro_canne,VM03-05-192.168.10.84,https://www.freshdirect.com/browse.jsp?pageType=browse&id=gro_canne,21,02,freshdirect-browse,8,2019,200,Test Complete,18.10
24,6645,4858,4858.8649999947,4858.8600000003,5670,2483,9294,,0,1,886,0,1490700,1109060,87294,68780,0,7441,6644,6509,6508,2494,24,4858,5649,3991,5958,5958,4858,4858,7448,7441,2800,2492,2492,33,12895,0,1550830989.648258,7442,7442,6645,6509,4548,6509,0,0,143171,223645,2,4859,5650,3992,5959,4858.8600000003,4859,12895,12100,46.6101694915,53437,1206930,15306,265067,7200,0.85,0.64,0.13,70.1077,6095.889,13827.711,9008.579,13827.7110000076,8301,0.23,0.8,7448,7442,7442,0,-1,-1,1,4800,166,99,166,147,0,19,0,1,44,94,-1,95,-1,-1,96,100,-1,100,0,65,0,1,0,20741,0,3953,3953,7200,5900,5900,5900,6400,9000,9000,1550830955,4G,"Dulles, VA - <b>Chrome</b> - <b>4G</b>",True,190222_Q8_3a46dacdc92d7eff60204c77bd8c62ea,170,Dulles:Chrome,0,,1,https://www.webpagetest.org/results.php?test=190222_Q8_3a46dacdc92d7eff60204c77bd8c62ea,https://www.freshdirect.com/browse.jsp?pageType=browse&id=gro_canne,VM02-06-192.168.10.74,https://www.freshdirect.com/browse.jsp?pageType=browse&id=gro_canne,22,02,freshdirect-browse,8,2019,200,Test Complete,18.10
24,8386,5865,5865.0299999972,5865.0249999992,7065,2645,11048,8386.0,0,1,880,0,1481758,1107942,87682,68765,0,9145,8385,8269,8268,2655,36,5865,6514,4995,7506,7506,5865,5865,9147,9145,2877,2654,2654,35,15080,0,1550875186.603807,9146,9146,8386,8270,4556,8269,0,0,119160,170426,2,5865,6514,4996,7507,5865.0249999992,5865,15080,13819,45.4455771128,24011,1199321,15306,262972,8700,0.85,0.64,0.15,43.4614285714,6278.129,11605.846,9192.052,11605.846,8360,0.23,0.8,9148,9146,9146,0,-1,-1,1,5900,183,101,183,158,0,25,0,1,43,94,-1,95,-1,-1,98,100,-1,100,0,64,0,1,0,22396,0,4947,4947,8700,7500,7500,7500,7900,9000,9000,1550875153,4G,"Dulles, VA - <b>Chrome</b> - <b>4G</b>",True,190222_FH_8817337c922dcb8a8ec89899e118503b,170,Dulles:Chrome,0,,1,https://www.webpagetest.org/results.php?test=190222_FH_8817337c922dcb8a8ec89899e118503b,https://www.freshdirect.com/browse.jsp?pageType=browse&id=gro_canne,VM02-02-192.168.10.70,https://www.freshdirect.com/browse.jsp?pageType=browse&id=gro_canne,22,02,freshdirect-browse,8,2019,200,Test Complete,18.10
24,7236,5324,5324.6099999997,5324.6099999997,6239,3215,10534,7236.0,0,1,878,0,1498644,1116157,88336,69507,0,8015,7236,7144,7144,3222,25,5324,6048,4743,6724,6724,5324,5324,8017,8015,3446,3222,3222,35,13599,60,1550963229.365412,8015,8015,7236,7145,4543,7145,0,0,143493,232532,2,5325,6049,4743,6724,5324.6099999997,5325,13659,10269,37.8268876611,53437,1213799,15306,265979,7500,0.85,0.64,0.16,18.2826790123,6384.217,11244.075,9676.893,11244.075,8436,0.23,0.8,8017,8015,8015,0,-1,-1,1,5300,175,101,175,150,0,25,0,1,44,94,-1,95,-1,-1,96,100,-1,100,0,66,0,1,0,19714,0,4706,4706,7500,6500,6500,6500,6900,9000,9000,1550963205,4G,"Dulles, VA - <b>Chrome</b> - <b>4G</b>",True,190223_HY_5f9c575d16b7d7b13d82c19fc18f4ab6,170,Dulles:Chrome,0,,1,https://www.webpagetest.org/results.php?test=190223_HY_5f9c575d16b7d7b13d82c19fc18f4ab6,https://www.freshdirect.com/browse.jsp?pageType=browse&id=gro_canne,VM03-06-192.168.10.85,https://www.freshdirect.com/browse.jsp?pageType=browse&id=gro_canne,23,02,freshdirect-browse,8,2019,200,Test Complete,18.10
24,7057,5055,5055.0949999997,5055.0900000017,5901,2643,9909,,0,1,898,0,1468538,1115680,88620,69651,0,7791,7057,6913,6913,2651,13,5055,5719,4470,6434,6434,5055,5055,7796,7791,2873,2650,2650,35,13480,0,1551051419.850095,7792,7792,7057,6913,4534,6913,0,0,135511,216678,2,5055,5719,4471,6435,5055.0900000017,5055,13480,11289,42.2846441948,24007,1185102,15306,265643,7300,0.85,0.64,0.15,80.04675,6327.53,11593.44,9294.079,11593.44,8458,0.23,0.8,7796,7792,7792,0,-1,-1,1,5000,174,102,174,151,0,23,0,1,44,95,-1,95,-1,-1,98,100,-1,100,0,66,0,1,0,19840,0,4441,4441,7300,6200,6200,6200,6600,9000,9000,1551051400,4G,"Dulles, VA - <b>Chrome</b> - <b>4G</b>",True,190224_HP_91c080efa08f1bb4dbbca8c30bedcd34,170,Dulles:Chrome,0,,1,https://www.webpagetest.org/results.php?test=190224_HP_91c080efa08f1bb4dbbca8c30bedcd34,https://www.freshdirect.com/browse.jsp?pageType=browse&id=gro_canne,VM03-03-192.168.10.82,https://www.freshdirect.com/browse.jsp?pageType=browse&id=gro_canne,24,02,freshdirect-browse,8,2019,200,Test Complete,18.10
24,6781,4862,4862.4649999983,4862.4649999983,5769,2591,10035,4862.0,0,1,881,0,1465402,1112627,88148,69888,0,7730,6781,6663,6662,2606,26,4862,5717,4188,6094,6094,4862,4862,7733,7730,2813,2605,2605,33,13342,0,1551140184.231957,7731,7731,6781,6663,4541,6662,0,0,136303,216464,2,4862,5718,4189,6095,4862.4649999983,4862,13342,12609,45.6057866184,24006,1179993,15306,267597,7100,0.85,0.64,0.16,44.748,6302.212,11513.15,9314.057,11513.15,8518,0.23,0.8,7733,7731,7731,0,-1,-1,1,4800,168,102,168,150,0,18,0,1,43,94,-1,95,-1,-1,98,100,-1,100,0,66,0,1,0,20348,0,4144,4144,7000,6100,6100,6100,6300,9000,9000,1551140128,4G,"Dulles, VA - <b>Chrome</b> - <b>4G</b>",True,190226_FX_f486ce3572746660615ee03fafae122b,170,Dulles:Chrome,0,,1,https://www.webpagetest.org/results.php?test=190226_FX_f486ce3572746660615ee03fafae122b,https://www.freshdirect.com/browse.jsp?pageType=browse&id=gro_canne,VM04-03-192.168.10.91,https://www.freshdirect.com/browse.jsp?pageType=browse&id=gro_canne,25,02,freshdirect-browse,9,2019,200,Test Complete,18.10
24,7786,4575,4575.165000002,4575.165000002,6559,2659,10499,4575.0,0,1,875,0,1710755,1327930,84978,66410,0,8450,7785,7657,7657,2669,22,4575,6312,4005,6988,6988,4575,4575,8460,8450,2881,2667,2667,33,14195,0,1551183854.902952,8450,8450,7786,7658,4555,7657,0,0,148297,229309,2,4575,6312,4005,6989,4575.165000002,4575,14195,12909,45.187259363,267008,1422473,15306,269321,8400,0.85,0.64,0.03,81.5005,9911.055,16554.73,13676.429,16554.73,12521,0.23,0.8,8461,8451,8450,0,-1,-1,1,4600,174,102,174,150,0,24,0,1,44,94,-1,95,-1,-1,82,100,-1,100,0,66,0,1,0,22167,0,3975,3975,8400,7000,7000,7000,7400,9000,9000,1551183822,4G,"Dulles, VA - <b>Chrome</b> - <b>4G</b>",True,190226_DD_24b01a3ca913b449cb05408261a598e5,170,Dulles:Chrome,0,,1,https://www.webpagetest.org/results.php?test=190226_DD_24b01a3ca913b449cb05408261a598e5,https://www.freshdirect.com/browse.jsp?pageType=browse&id=gro_canne,VM02-05-192.168.10.73,https://www.freshdirect.com/browse.jsp?pageType=browse&id=gro_canne,26,02,freshdirect-browse,9,2019,200,Test Complete,18.10
24,7332,5098,5098.7449999957,5098.7449999957,6254,2725,9948,7332.0,0,1,907,0,1742355,1344056,83660,65415,0,8118,7331,7215,7215,2734,13,5098,6128,4449,6686,6686,5098,5098,8120,8118,2957,2733,2733,34,13617,0,1551227935.190274,8119,8119,7332,7216,4569,7216,0,0,159966,249176,2,5099,6129,4449,6686,5098.7449999957,5099,13617,12040,44.0541529455,282503,1437969,34217,285420,7700,0.85,0.64,0.13,18.914,6171.142,12463.67,10683.779,12463.67,8744,0.23,0.8,8121,8119,8119,0,-1,-1,1,5100,167,101,167,149,0,18,0,1,44,94,-1,89,-1,-1,81,100,-1,87,0,64,0,1,0,20663,0,4414,4414,7700,6700,6700,6700,6900,9000,9000,1551227912,4G,"Dulles, VA - <b>Chrome</b> - <b>4G</b>",True,190227_K4_0b97b3ef15891a7fc057abb634698b67,170,Dulles:Chrome,0,,1,https://www.webpagetest.org/results.php?test=190227_K4_0b97b3ef15891a7fc057abb634698b67,https://www.freshdirect.com/browse.jsp?pageType=browse&id=gro_canne,VM03-04-192.168.10.83,https://www.freshdirect.com/browse.jsp?pageType=browse&id=gro_canne,26,02,freshdirect-browse,9,2019,200,Test Complete,18.10
24,7099,4955,4955.4050000006,4955.3999999989,6048,2765,10460,4955.0,0,1,905,0,1766196,1367769,86512,67659,0,7886,7098,6954,6954,2774,12,4955,6001,4393,6430,6430,4955,4955,7894,7886,3140,2773,2773,39,13514,87,1551316169.182499,7887,7886,7099,6955,4591,6954,0,0,162993,267038,2,4955,6002,4394,6431,4955.3999999989,4955,13601,11009,41.3443484792,283315,1471842,15306,275449,7600,0.85,0.64,0.08,76.19575,6706.695,13237.274,10476.135,16862.9790000076,9267,0.23,0.8,7894,7887,7887,0,-1,-1,1,4900,182,107,182,157,0,25,0,1,42,91,-1,95,-1,-1,81,100,-1,100,0,66,0,1,0,20194,0,4368,4368,7600,6400,6400,6400,6700,9000,9000,1551316147,4G,"Dulles, VA - <b>Chrome</b> - <b>4G</b>",True,190228_G5_bfba1581a04a17e4dd2428314246f7b2,170,Dulles:Chrome,0,,1,https://www.webpagetest.org/results.php?test=190228_G5_bfba1581a04a17e4dd2428314246f7b2,https://www.freshdirect.com/browse.jsp?pageType=browse&id=gro_canne,VM03-01-192.168.10.79,https://www.freshdirect.com/browse.jsp?pageType=browse&id=gro_canne,27,02,freshdirect-browse,9,2019,200,Test Complete,18.10
24,7078,5142,5142.0550000039,5142.0500000022,6147,2553,9708,,0,1,877,0,1773209,1759538,86433,83514,0,11248,7077,6974,6974,2564,19,5142,5696,4295,6409,6409,5142,5142,11328,11249,2941,2563,2563,40,15781,0,1551404284.734351,11249,11249,7078,6974,4548,6974,0,0,134049,202338,2,5142,5696,4295,6410,5142.0500000022,5142,15781,13650,43.3195810854,280872,1468690,15306,284308,7400,0.85,0.64,0.09,69.8984,6549.511,12822.363,10123.092,16474.431,9151,0.23,0.8,11328,11249,11249,0,-1,-1,1,5100,213,156,213,174,0,39,0,1,41,91,-1,95,-1,-1,81,100,-1,100,0,64,0,1,0,23200,0,4264,4264,7300,6400,6900,6900,6900,9000,9000,1551404246,4G,"Dulles, VA - <b>Chrome</b> - <b>4G</b>",True,190301_W4_d81b7982983c71ef96cb02fec46fc5e9,170,Dulles:Chrome,0,,1,https://www.webpagetest.org/results.php?test=190301_W4_d81b7982983c71ef96cb02fec46fc5e9,https://www.freshdirect.com/browse.jsp?pageType=browse&id=gro_canne,VM02-07-192.168.10.75,https://www.freshdirect.com/browse.jsp?pageType=browse&id=gro_canne,28,02,freshdirect-browse,9,2019,200,Test Complete,18.10
24,7455,5788,5788.0450000011,5788.0399999995,7245,2962,10631,7455.0,0,1,882,0,2045967,2032858,90992,88030,0,12609,7455,7343,7343,2975,8,5788,6100,5128,6924,6924,5788,5788,12649,12611,3338,2974,2974,45,16521,0,1551492453.465305,12611,12610,7455,7344,4551,7344,0,0,150893,210680,2,5788,6100,5129,6924,5788.0399999995,5788,16521,14839,43.9183190293,252862,1715674,26988,306717,10500,0.86,0.64,0.09,148.70675,6210.352,16786.603,8526.855,16786.603,8753,0.23,0.8,12649,12611,12611,0,-1,-1,1,5800,225,178,225,192,0,33,0,1,44,92,-1,92,-1,-1,86,100,-1,85,0,65,0,1,0,25176,0,5091,5091,10500,6900,10500,10500,10500,9000,9000,1551492436,4G,"Dulles, VA - <b>Chrome</b> - <b>4G</b>",True,190302_1P_a64d63233bad51134f74efb6b834589e,170,Dulles:Chrome,0,,1,https://www.webpagetest.org/results.php?test=190302_1P_a64d63233bad51134f74efb6b834589e,https://www.freshdirect.com/browse.jsp?pageType=browse&id=gro_canne,VM03-05-192.168.10.84,https://www.freshdirect.com/browse.jsp?pageType=browse&id=gro_canne,01,03,freshdirect-browse,9,2019,200,Test Complete,18.10
24,6873,4920,4920.1399999999,4920.1350000001,6509,2709,9927,4920.0,0,1,886,0,2011399,1997855,90369,87405,0,11250,6872,6769,6768,2723,30,4920,5391,4262,6211,6211,4920,4920,11296,11250,3087,2723,2723,43,15526,0,1551536556.002293,11250,11250,6873,6769,4550,6769,0,0,156932,233913,2,4920,5392,4263,6212,4920.1350000001,4920,15526,15209,48.8753213368,252854,1679577,26988,308224,9700,0.86,0.64,0.07,121.2618,7047.068,17593.044,7555.19,17593.044,9590,0.23,0.8,11297,11250,11250,0,-1,-1,1,5000,225,172,225,186,0,39,0,1,44,92,-1,92,-1,-1,85,100,-1,85,0,65,0,1,0,23418,0,4233,4233,9700,6300,9700,9700,9700,9000,9000,1551536533,4G,"Dulles, VA - <b>Chrome</b> - <b>4G</b>",True,190302_A2_c611ef6c23e98b81064f71efa928a35f,170,Dulles:Chrome,0,,1,https://www.webpagetest.org/results.php?test=190302_A2_c611ef6c23e98b81064f71efa928a35f,https://www.freshdirect.com/browse.jsp?pageType=browse&id=gro_canne,VM03-04-192.168.10.83,https://www.freshdirect.com/browse.jsp?pageType=browse&id=gro_canne,02,03,freshdirect-browse,9,2019,200,Test Complete,18.10
24,6653,4849,4849.6599999999,4849.629999997,6192,2518,9749,,0,1,880,0,2084067,2070295,91040,87676,0,11338,6652,6547,6546,2526,22,4849,5083,4244,5861,5861,4849,4849,11403,11339,2887,2525,2525,42,15912,0,1551580698.207865,11339,11339,6653,6547,4550,6547,0,0,155597,234700,2,4850,5084,4245,5861,4849.629999997,4850,15912,13560,44.2558746736,282283,1738695,34207,320358,9600,0.86,0.64,0.08,123.64275,6594.251,18221.381,8958.423,18221.381,9082,0.23,0.8,11403,11339,11339,0,-1,-1,1,4900,234,174,234,193,0,41,0,1,44,93,-1,90,-1,-1,84,100,-1,80,0,65,0,1,0,23335,0,4221,4221,9600,5900,9600,9600,9600,9000,9000,1551580680,4G,"Dulles, VA - <b>Chrome</b> - <b>4G</b>",True,190303_DX_41131eb01a8f4f0954c1957405936e08,170,Dulles:Chrome,0,,1,https://www.webpagetest.org/results.php?test=190303_DX_41131eb01a8f4f0954c1957405936e08,https://www.freshdirect.com/browse.jsp?pageType=browse&id=gro_canne,VM03-05-192.168.10.84,https://www.freshdirect.com/browse.jsp?pageType=browse&id=gro_canne,02,03,freshdirect-browse,9,2019,200,Test Complete,18.10
24,7226,5375,5375.4499999923,5375.4449999979,6871,3206,10297,7226.0,0,1,877,0,2056760,2043231,90827,87146,0,11518,7226,7112,7112,3213,24,5375,5780,4768,6549,6549,5375,5375,11565,11518,3586,3212,3212,42,15771,0,1551624794.207914,11518,11518,7226,7112,4557,7112,0,0,163689,245817,2,5375,5780,4768,6549,5375.4449999979,5375,15771,12719,41.2852969815,252871,1710947,34207,322517,9900,0.86,0.64,0.09,119.8104,6672.84,13345.167,8719.831,17311.192,8996,0.23,0.8,11565,11518,11518,0,-1,-1,1,5400,227,172,227,189,0,38,0,1,43,92,-1,90,-1,-1,86,100,-1,80,0,65,0,1,0,22843,0,4739,4739,9900,6600,9900,9900,9900,9000,9000,1551624736,4G,"Dulles, VA - <b>Chrome</b> - <b>4G</b>",True,190303_RZ_94984c5d52eb795e3d5c1168e40da80c,170,Dulles:Chrome,0,,1,https://www.webpagetest.org/results.php?test=190303_RZ_94984c5d52eb795e3d5c1168e40da80c,https://www.freshdirect.com/browse.jsp?pageType=browse&id=gro_canne,VM04-01-192.168.10.80,https://www.freshdirect.com/browse.jsp?pageType=browse&id=gro_canne,03,03,freshdirect-browse,9,2019,200,Test Complete,18.10
